{"name":"data-society_airplane-crashes","title":"Airplane Crashes","description":"Full history of airplane crashes throughout the world, from 1908-present.\n\nSource: OpenData\n\nhttps://opendata.socrata.com/Government/Airplane-Crashes-and-Fatalities-Since-1908/q2te-8cvq","homepage":"https://data.world/data-society/airplane-crashes","resources":[{"name":"airplane_crashes_and_fatalities_since_1908","schema":{"fields":[{"name":"date","title":"Date","type":"date","rdfType":"http://www.w3.org/2001/XMLSchema#date","dwSourceId":"date"},{"name":"time","title":"Time","type":"string","rdfType":"http://www.w3.org/2001/XMLSchema#string","dwSourceId":"time"},{"name":"location","title":"Location","type":"string","rdfType":"http://www.w3.org/2001/XMLSchema#string","dwSourceId":"location"},{"name":"operator","title":"Operator","type":"string","rdfType":"http://www.w3.org/2001/XMLSchema#string","dwSourceId":"operator"},{"name":"flight","title":"Flight #","type":"string","rdfType":"http://www.w3.org/2001/XMLSchema#string","dwSourceId":"flight"},{"name":"route","title":"Route","type":"string","rdfType":"http://www.w3.org/2001/XMLSchema#string","dwSourceId":"route"},{"name":"type","title":"Type","type":"string","rdfType":"http://www.w3.org/2001/XMLSchema#string","dwSourceId":"type"},{"name":"registration","title":"Registration","type":"string","rdfType":"http://www.w3.org/2001/XMLSchema#string","dwSourceId":"registration"},{"name":"cn_in","title":"cn/In","type":"string","rdfType":"http://www.w3.org/2001/XMLSchema#string","dwSourceId":"cn_in"},{"name":"aboard","title":"Aboard","type":"integer","rdfType":"http://www.w3.org/2001/XMLSchema#integer","dwSourceId":"aboard"},{"name":"fatalities","title":"Fatalities","type":"integer","rdfType":"http://www.w3.org/2001/XMLSchema#integer","dwSourceId":"fatalities"},{"name":"ground","title":"Ground","type":"integer","rdfType":"http://www.w3.org/2001/XMLSchema#integer","dwSourceId":"ground"},{"name":"summary","title":"Summary","type":"string","rdfType":"http://www.w3.org/2001/XMLSchema#string","dwSourceId":"summary"}]},"path":"data/airplane_crashes_and_fatalities_since_1908.csv","format":"csv"},{"name":"original/Airplane_Crashes_and_Fatalities_Since_1908.csv","path":"original/Airplane_Crashes_and_Fatalities_Since_1908.csv","format":"csv","mediatype":"text/csv","bytes":1595468}],"keywords":["data society","airplane","crashes","clustering","time series","classification"]}